Player,Opp.,Attempts,SOA%,Goals,Actual_Conversion_Rate,Estimated_Conversion_Rate,SO_Rating
Jonathan Toews,110,101,0.9181818181818182,51,0.504950495049505,0.43320000000000003,99.0
T.J. Oshie,93,88,0.946236559139785,46,0.5227272727272727,0.4316,98.55555555555554
Frans Nielsen,116,105,0.9051724137931034,49,0.4666666666666667,0.41600000000000004,94.22222222222223
Erik Christensen,60,55,0.9166666666666666,29,0.5272727272727272,0.406,91.44444444444444
Tyler Seguin,62,61,0.9838709677419355,30,0.4918032786885246,0.4002,89.83333333333331
Patrick Kane,124,110,0.8870967741935484,47,0.42727272727272725,0.397,88.94444444444444
Brad Boyes,124,88,0.7096774193548387,39,0.4431818181818182,0.3966,88.83333333333333
Mats Zuccarello,56,53,0.9464285714285714,26,0.49056603773584906,0.3946,88.27777777777777
Ales Kotalik,62,44,0.7096774193548387,22,0.5,0.3908,87.2222222222222
Artemi Panarin,24,23,0.9583333333333334,14,0.6086956521739131,0.3886,86.61111111111111
Mika Zibanejad,68,52,0.7647058823529411,24,0.46153846153846156,0.38639999999999997,85.99999999999997
Jacob Josefson,41,24,0.5853658536585366,13,0.5416666666666666,0.3818,84.7222222222222
Jakob Silfverberg,60,47,0.7833333333333333,21,0.44680851063829785,0.38039999999999996,84.33333333333331
Viktor Kozlov,39,37,0.9487179487179487,17,0.4594594594594595,0.3784,83.77777777777777
Jeff Hamilton,18,16,0.8888888888888888,9,0.5625,0.3762,83.16666666666666
Jeff Tambellini,31,14,0.45161290322580644,8,0.5714285714285714,0.37479999999999997,82.77777777777776
Rob Schremp,19,17,0.8947368421052632,9,0.5294117647058824,0.3744,82.66666666666666
Pavel Datsyuk,100,98,0.98,40,0.40816326530612246,0.36451732673267323,79.92147964796477
Sidney Crosby,101,96,0.9504950495049505,39,0.40625,0.362743156668608,79.42865463016888
Zach Parise,132,112,0.8484848484848485,44,0.39285714285714285,0.3619365171811299,79.2045881058694
Mikko Koivu,125,107,0.856,42,0.3925233644859813,0.3600010920209668,78.66697000582411
Joe Pavelski,130,107,0.823076923076923,42,0.3925233644859813,0.3600010920209668,78.66697000582411
Wojtek Wolski,62,58,0.9354838709677419,25,0.43103448275862066,0.35403392545136864,77.00942373649127
Jussi Jokinen,126,96,0.7619047619047619,37,0.3854166666666667,0.352743156668608,76.65087685239111
Aleksander Barkov,67,50,0.746268656716418,22,0.44,0.3519372451951077,76.42701255419658
Anze Kopitar,132,109,0.8257575757575758,41,0.3761467889908257,0.35177526208503207,76.38201724584223
Milan Hejduk,68,60,0.8823529411764706,25,0.4166666666666667,0.3508080955154339,76.1133598653983
Tyler Bozak,83,54,0.6506024096385542,23,0.42592592592592593,0.3504855853232382,76.02377370089948
Michal Handzus,98,42,0.42857142857142855,19,0.4523809523809524,0.34984056493884685,75.8446013719019
Jason Pominville,129,73,0.5658914728682171,29,0.3972602739726027,0.34984020093185786,75.8445002588494
Logan Couture,92,58,0.6304347826086957,24,0.41379310344827586,0.34903392545136863,75.62053484760239
Andy McDonald,75,49,0.6533333333333333,21,0.42857142857142855,0.3485501601630751,75.48615560085419
PA Parenteau,60,46,0.7666666666666667,20,0.43478260869565216,0.3483889050669773,75.44136251860479
Alexander Steen,115,47,0.40869565217391307,20,0.425531914893617,0.3467759900990099,74.9933305830583
Mike Santorelli,53,35,0.660377358490566,16,0.45714285714285713,0.34613096971461843,74.81415825406066
Rick Nash,115,86,0.7478260869565218,32,0.37209302325581395,0.34387230634828186,74.18675176341162
Brad Richards,110,83,0.7545454545454545,31,0.37349397590361444,0.343711051252184,74.14195868116221
Thomas Vanek,115,74,0.6434782608695652,28,0.3783783783783784,0.3432272859638905,74.00757943441403
Nicklas Backstrom,104,71,0.6826923076923077,27,0.38028169014084506,0.34306603086779264,73.96278635216461
Patrick O'Sullivan,45,34,0.7555555555555555,15,0.4411764705882353,0.3427438846825859,73.87330130071828
Pavol Demitra,41,34,0.8292682926829268,15,0.4411764705882353,0.3427438846825859,73.87330130071828
Matt Cullen,115,62,0.5391304347826087,24,0.3870967741935484,0.3425822655794991,73.8284071054164
Brayden Point,25,25,1.0,12,0.48,0.34226011939429235,73.73892205397009
Daniel Briere,75,56,0.7466666666666667,22,0.39285714285714285,0.34225975538730347,73.73882094091762
Alexei Kovalev,60,47,0.7833333333333333,19,0.40425531914893614,0.3417759900990099,73.60444169416941
Evgeny Kuznetsov,44,44,1.0,18,0.4090909090909091,0.34161473500291206,73.55964861192001
Jarret Stoll,137,35,0.25547445255474455,15,0.42857142857142855,0.3411309697146185,73.42526936517179
Paul Kariya,42,26,0.6190476190476191,12,0.46153846153846156,0.34064720442632496,73.29089011842359
Shawn Horcoff,100,23,0.23,11,0.4782608695652174,0.34048594933022713,73.24609703617419
Paul Byron,35,20,0.5714285714285714,10,0.5,0.34032469423412925,73.20130395392479
Miroslav Satan,48,36,0.75,15,0.4166666666666667,0.3395180547466511,72.97723742962529
Brandon Pirri,30,24,0.8,11,0.4583333333333333,0.33887303436225974,72.7980651006277
Patrik Laine,18,18,1.0,9,0.5,0.33855052417006404,72.7084789361289
Mark Scheifele,48,18,0.375,9,0.5,0.33855052417006404,72.7084789361289
Kyle Turris,97,77,0.7938144329896907,28,0.36363636363636365,0.3383885410599884,72.66348362777454
David Desharnais,63,43,0.6825396825396826,17,0.3953488372093023,0.3382276499708794,72.6187916585776
Sean Monahan,46,43,0.9347826086956522,17,0.3953488372093023,0.3382276499708794,72.6187916585776
Nikita Gusev,9,9,1.0,6,0.6666666666666666,0.3380667588817705,72.57409968938069
Sergei Zubov,31,31,1.0,13,0.41935483870967744,0.33758262958648805,72.43961932958001
Chris Stewart,83,28,0.3373493975903614,12,0.42857142857142855,0.33742137449039017,72.3948262473306
Ryan Getzlaf,125,78,0.624,28,0.358974358974359,0.33677562609202094,72.21545169222803
Jason Spezza,95,75,0.7894736842105263,27,0.36,0.3366143709959231,72.17065860997863
Matt Moulson,94,41,0.43617021276595747,16,0.3902439024390244,0.33645347990681423,72.12596664078173
Blake Wheeler,102,72,0.7058823529411765,26,0.3611111111111111,0.3364531158998253,72.12586552772925
Mark Letestu,60,38,0.6333333333333333,15,0.39473684210526316,0.33629222481071636,72.08117355853231
Jordan Eberle,87,69,0.7931034482758621,25,0.36231884057971014,0.3362918608037274,72.08107244547983
Alex Tanguay,91,60,0.6593406593406593,22,0.36666666666666664,0.3358080955154339,71.94669319873162
Mats Sundin,30,26,0.8666666666666667,11,0.4230769230769231,0.33564720442632495,71.9020012295347
Devin Setoguchi,82,26,0.3170731707317073,11,0.4230769230769231,0.33564720442632495,71.9020012295347
Nigel Dawes,38,26,0.6842105263157895,11,0.4230769230769231,0.33564720442632495,71.9020012295347
Connor McDavid,25,20,0.8,9,0.45,0.33532469423412925,71.81241506503589
Ondrej Kase,20,14,0.7,7,0.5,0.3350021840419336,71.72282890053711
Adrian Aucoin,48,11,0.22916666666666666,6,0.5454545454545454,0.3348409289458357,71.6780358182877
Joffrey Lupul,81,36,0.4444444444444444,14,0.3888888888888889,0.3345180547466511,71.5883485407364
Jamie Langenbrunner,81,33,0.4074074074074074,13,0.3939393939393939,0.33435679965055326,71.543555458487
Nathan MacKinnon,37,27,0.7297297297297297,11,0.4074074074074074,0.33403428945835756,71.4539692939882
Matt Duchene,68,58,0.8529411764705882,21,0.3620689655172414,0.3340339254513686,71.45386818093571
Teemu Selanne,78,58,0.7435897435897436,21,0.3620689655172414,0.3340339254513686,71.45386818093571
Jarkko Ruutu,59,18,0.3050847457627119,8,0.4444444444444444,0.33355052417006403,71.31959004724
Jeremy Roenick,24,12,0.5,6,0.5,0.3332280139778684,71.23000388274122
Ville Koistinen,12,6,0.5,4,0.6666666666666666,0.3329055037856727,71.1404177182424
Kevin Shattenkirk,76,37,0.4868421052631579,14,0.3783783783783784,0.33290513977868375,71.14031660518992
Kris Letang,90,68,0.7555555555555555,24,0.35294117647058826,0.33290477577169486,71.14021549213746
Alexander Radulov,37,34,0.918918918918919,13,0.38235294117647056,0.33274388468258587,71.09552352294051
Michael Nylander,35,28,0.8,11,0.39285714285714285,0.33242137449039016,71.00593735844171
Petr Sykora,54,28,0.5185185185185185,11,0.39285714285714285,0.33242137449039016,71.00593735844171
Joe Colborne,20,19,0.95,8,0.42105263157894735,0.33193760920209664,70.8715581116935
Leon Draisaitl,34,19,0.5588235294117647,8,0.42105263157894735,0.33193760920209664,70.8715581116935
Matthew Tkachuk,23,16,0.6956521739130435,7,0.4375,0.3317763541059988,70.8267650294441
Joonas Donskoi,19,13,0.6842105263157895,6,0.46153846153846156,0.331615099009901,70.7819719471947
Alexandre Burrows,120,44,0.36666666666666664,16,0.36363636363636365,0.33161473500291205,70.78187083414223
Conor Garland,14,10,0.7142857142857143,5,0.5,0.3314538439138031,70.7371788649453
Shea Theodore,22,10,0.45454545454545453,5,0.5,0.3314538439138031,70.7371788649453
Saku Koivu,82,41,0.5,15,0.36585365853658536,0.33145347990681423,70.73707775189283
Cam Atkinson,53,41,0.7735849056603774,15,0.36585365853658536,0.33145347990681423,70.73707775189283
Patrik Elias,103,72,0.6990291262135923,25,0.3472222222222222,0.33145311589982523,70.73697663884033
Pierre-Luc Dubois,17,7,0.4117647058823529,4,0.5714285714285714,0.3312925888177053,70.69238578269591
Ryan Donato,9,7,0.7777777777777778,4,0.5714285714285714,0.3312925888177053,70.69238578269591
Brock McGinn,22,7,0.3181818181818182,4,0.5714285714285714,0.3312925888177053,70.69238578269591
Vincent Trocheck,51,38,0.7450980392156863,14,0.3684210526315789,0.33129222481071635,70.69228466964341
Andrei Svechnikov,9,4,0.4444444444444444,3,0.75,0.33113133372160747,70.64759270044651
Jason Williams,42,35,0.8333333333333334,13,0.37142857142857144,0.3311309697146185,70.64749158739401
Mike Ribeiro,111,63,0.5675675675675675,22,0.3492063492063492,0.33096935061153177,70.60259739209215
Matt Hendricks,69,29,0.42028985507246375,11,0.3793103448275862,0.3308084595224228,70.55790542289522
Olli Jokinen,106,60,0.5660377358490566,21,0.35,0.3308080955154339,70.55780430984274
David Perron,93,60,0.6451612903225806,21,0.35,0.3308080955154339,70.55780430984274
Robert Nilsson,41,20,0.4878048780487805,8,0.4,0.33032469423412925,70.423526176147
Andrew Ladd,113,51,0.45132743362831856,18,0.35294117647058826,0.33032433022714036,70.42342506309453
Elias Pettersson,17,17,1.0,7,0.4117647058823529,0.3301634391380315,70.37873309389762
Michael Cammalleri,84,48,0.5714285714285714,17,0.3541666666666667,0.3301630751310425,70.37863198084513
Cal O'Reilly,23,14,0.6086956521739131,6,0.42857142857142855,0.33000218404193365,70.33394001164822
Fernando Pisani,51,14,0.27450980392156865,6,0.42857142857142855,0.33000218404193365,70.33394001164822
Andreas Athanasiou,24,14,0.5833333333333334,6,0.42857142857142855,0.33000218404193365,70.33394001164822
Brian Flynn,37,11,0.2972972972972973,5,0.45454545454545453,0.3298409289458357,70.2891469293988
Kyle Connor,15,8,0.5333333333333333,4,0.5,0.3296796738497379,70.24435384714941
Chris Kunitz,130,39,0.3,14,0.358974358974359,0.329679309842749,70.24425273409693
Ryan Potulny,14,5,0.35714285714285715,3,0.6,0.3295184187536401,70.19956076490001
Brian Gionta,116,64,0.5517241379310345,22,0.34375,0.32935643564356437,70.15456545654565
Brian Rolston,60,27,0.45,10,0.37037037037037035,0.32903428945835755,70.06508040509931
Tuomo Ruutu,76,24,0.3157894736842105,9,0.375,0.32887303436225973,70.02028732284992
Rickard Rakell,47,24,0.5106382978723404,9,0.375,0.32887303436225973,70.02028732284992
Jiri Hudler,72,55,0.7638888888888888,19,0.34545454545454546,0.3288726703552708,70.02018620979743
Peter Holland,39,15,0.38461538461538464,6,0.4,0.32838926907396626,69.88590807610173
Riley Nash,38,15,0.39473684210526316,6,0.4,0.32838926907396626,69.88590807610173
Robert Lang,42,15,0.35714285714285715,6,0.4,0.32838926907396626,69.88590807610173
Markus Granlund,31,15,0.4838709677419355,6,0.4,0.32838926907396626,69.88590807610173
Ryane Clowe,76,46,0.6052631578947368,16,0.34782608695652173,0.32838890506697727,69.88580696304923
J.T. Miller,47,12,0.2553191489361702,5,0.4166666666666667,0.3282280139778684,69.84111499385232
Nick Schmaltz,18,12,0.6666666666666666,5,0.4166666666666667,0.3282280139778684,69.84111499385232
Bill Guerin,49,12,0.24489795918367346,5,0.4166666666666667,0.3282280139778684,69.84111499385232
Jamie Lundmark,22,9,0.4090909090909091,4,0.4444444444444444,0.3280667588817705,69.79632191160292
Kevin Labanc,17,9,0.5294117647058824,4,0.4444444444444444,0.3280667588817705,69.79632191160292
Evgeni Malkin,99,68,0.6868686868686869,23,0.3382352941176471,0.32790477577169486,69.75132660324857
Brendan Shanahan,36,25,0.6944444444444444,9,0.36,0.32726011939429234,69.57225538730341
Doug Weight,45,22,0.4888888888888889,8,0.36363636363636365,0.3270988642981945,69.52746230505403
Todd Bertuzzi,74,50,0.6756756756756757,17,0.34,0.32693724519510775,69.48256810975215
Vaclav Prospal,74,16,0.21621621621621623,6,0.375,0.3267763541059988,69.43787614055522
Nikolai Zherdev,53,16,0.3018867924528302,6,0.375,0.3267763541059988,69.43787614055522
Gustav Nyquist,61,47,0.7704918032786885,16,0.3404255319148936,0.32677599009900987,69.43777502750274
Chris Terry,16,13,0.8125,5,0.38461538461538464,0.326615099009901,69.39308305830582
Jordan Weal,17,13,0.7647058823529411,5,0.38461538461538464,0.326615099009901,69.39308305830582
Tomas Kaberle,61,13,0.21311475409836064,5,0.38461538461538464,0.326615099009901,69.39308305830582
Rod Brind'Amour,34,10,0.29411764705882354,4,0.4,0.3264538439138031,69.3482899760564
Tony DeAngelo,19,7,0.3684210526315789,3,0.42857142857142855,0.3262925888177053,69.30349689380702
Jared McCann,23,7,0.30434782608695654,3,0.42857142857142855,0.3262925888177053,69.30349689380702
Corey Perry,127,100,0.7874015748031497,33,0.33,0.3262914967967385,69.30319355464958
Jakub Vrana,19,4,0.21052631578947367,2,0.5,0.32613133372160746,69.25870381155762
Max Comtois,6,4,0.6666666666666666,2,0.5,0.32613133372160746,69.25870381155762
Jake Guentzel,16,4,0.25,2,0.5,0.32613133372160746,69.25870381155762
Marek Svatos,47,35,0.7446808510638298,12,0.34285714285714286,0.32613096971461847,69.25860269850511
Nick Bjugstad,60,32,0.5333333333333333,11,0.34375,0.32596971461852065,69.21380961625573
Ales Hemsky,99,63,0.6363636363636364,21,0.3333333333333333,0.32596935061153176,69.21370850320326
Drew Stafford,106,60,0.5660377358490566,20,0.3333333333333333,0.3258080955154339,69.16891542095385
Nick Bonino,73,26,0.3561643835616438,9,0.34615384615384615,0.32564720442632494,69.12422345175692
Charlie Coyle,53,26,0.49056603773584906,9,0.34615384615384615,0.32564720442632494,69.12422345175692
Alexander Frolov,61,23,0.3770491803278688,8,0.34782608695652173,0.3254859493302271,69.07943036950752
Brendan Morrison,55,20,0.36363636363636365,7,0.35,0.32532469423412924,69.03463728725811
Maxim Afinogenov,41,17,0.4146341463414634,6,0.35294117647058826,0.3251634391380315,68.98984420500874
Ryan O'Reilly,82,45,0.5487804878048781,15,0.3333333333333333,0.32500182003494466,68.94495000970684
Adrian Kempe,16,11,0.6875,4,0.36363636363636365,0.3248409289458357,68.90025804050991
Vladimir Tarasenko,53,42,0.7924528301886793,14,0.3333333333333333,0.32484056493884683,68.90015692745745
Nolan Patrick,11,8,0.7272727272727273,3,0.375,0.3246796738497379,68.85546495826051
Mikko Rantanen,9,8,0.8888888888888888,3,0.375,0.3246796738497379,68.85546495826051
Todd White,38,8,0.21052631578947367,3,0.375,0.3246796738497379,68.85546495826051
Kyle Wilson,7,5,0.7142857142857143,2,0.4,0.32451841875364007,68.81067187601113
Reid Boucher,11,5,0.45454545454545453,2,0.4,0.32451841875364007,68.81067187601113
Sven Andrighetto,15,5,0.3333333333333333,2,0.4,0.32451841875364007,68.81067187601113
Charlie McAvoy,15,5,0.3333333333333333,2,0.4,0.32451841875364007,68.81067187601113
Kristian Huselius,50,36,0.72,12,0.3333333333333333,0.3245180547466511,68.81057076295862
Justin Williams,116,33,0.28448275862068967,11,0.3333333333333333,0.32435679965055325,68.76577768070922
Ryan Ellis,57,30,0.5263157894736842,10,0.3333333333333333,0.32419554455445543,68.72098459845984
Josh Bailey,111,30,0.2702702702702703,10,0.3333333333333333,0.32419554455445543,68.72098459845984
James Neal,103,55,0.5339805825242718,18,0.32727272727272727,0.3238726703552708,68.63129732090854
Mike Comrie,38,21,0.5526315789473685,7,0.3333333333333333,0.32371177926616185,68.58660535171161
Sam Reinhart,33,21,0.6363636363636364,7,0.3333333333333333,0.32371177926616185,68.58660535171161
Joe Sakic,25,21,0.84,7,0.3333333333333333,0.32371177926616185,68.58660535171161
Jonathan Drouin,27,21,0.7777777777777778,7,0.3333333333333333,0.32371177926616185,68.58660535171161
Jonathan Cheechoo,40,18,0.45,6,0.3333333333333333,0.323550524170064,68.54181226946223
Eric Fehr,80,18,0.225,6,0.3333333333333333,0.323550524170064,68.54181226946223
Mathew Barzal,22,18,0.8181818181818182,6,0.3333333333333333,0.323550524170064,68.54181226946223
Lee Stempniak,98,49,0.5,16,0.32653061224489793,0.32355016016307514,68.54171115640975
Tyler Ennis,66,49,0.7424242424242424,16,0.32653061224489793,0.32355016016307514,68.54171115640975
Jonathan Marchessault,30,15,0.5,5,0.3333333333333333,0.32338926907396626,68.49701918721284
Kyle Okposo,94,43,0.4574468085106383,14,0.32558139534883723,0.32322764997087944,68.45212499191095
Mikkel Boedker,49,43,0.8775510204081632,14,0.32558139534883723,0.32322764997087944,68.45212499191095
Jimmy Vesey,28,9,0.32142857142857145,3,0.3333333333333333,0.3230667588817705,68.40743302271402
Alex Tuch,14,9,0.6428571428571429,3,0.3333333333333333,0.3230667588817705,68.40743302271402
Nikita Kucherov,47,40,0.851063829787234,13,0.325,0.3230663948747816,68.40733190966155
Brendan Perlini,16,6,0.375,2,0.3333333333333333,0.3229055037856727,68.36263994046462
Vinnie Hinostroza,18,6,0.3333333333333333,2,0.3333333333333333,0.3229055037856727,68.36263994046462
Josh Leivo,16,6,0.375,2,0.3333333333333333,0.3229055037856727,68.36263994046462
Anthony Beauvillier,25,6,0.24,2,0.3333333333333333,0.3229055037856727,68.36263994046462
Ray Whitney,56,37,0.6607142857142857,12,0.32432432432432434,0.32290513977868374,68.36253882741214
Filip Forsberg,46,37,0.8043478260869565,12,0.32432432432432434,0.32290513977868374,68.36253882741214
Bobby Ryan,103,65,0.6310679611650486,21,0.3230769230769231,0.322743520675597,68.31764463211026
Ryan Nugent-Hopkins,63,31,0.49206349206349204,10,0.3225806451612903,0.32258262958648803,68.27295266291334
Kyle Wellwood,56,31,0.5535714285714286,10,0.3225806451612903,0.32258262958648803,68.27295266291334
Markus Naslund,48,31,0.6458333333333334,10,0.3225806451612903,0.32258262958648803,68.27295266291334
Daniel Alfredsson,69,59,0.855072463768116,19,0.3220338983050847,0.3224210104834012,68.22805846761145
Auston Matthews,24,22,0.9166666666666666,7,0.3181818181818182,0.3220988642981945,68.13857341616513
Nick Cousins,32,22,0.6875,7,0.3181818181818182,0.3220988642981945,68.13857341616513
Brock Nelson,64,19,0.296875,6,0.3157894736842105,0.3219376092020967,68.09378033391573
Cody Hodgson,54,19,0.35185185185185186,6,0.3157894736842105,0.3219376092020967,68.09378033391573
Ryan Johansen,73,47,0.6438356164383562,15,0.3191489361702128,0.32177599009900987,68.04888613861385
Steven Stamkos,90,47,0.5222222222222223,15,0.3191489361702128,0.32177599009900987,68.04888613861385
John Mitchell,59,13,0.22033898305084745,4,0.3076923076923077,0.321615099009901,68.00419416941693
Jere Lehtinen,51,13,0.2549019607843137,4,0.3076923076923077,0.321615099009901,68.00419416941693
Teuvo Teravainen,29,10,0.3448275862068966,3,0.3,0.3214538439138031,67.95940108716752
Jack Johnson,115,41,0.3565217391304348,13,0.3170731707317073,0.3214534799068142,67.95929997411505
Alex DeBrincat,15,7,0.4666666666666667,2,0.2857142857142857,0.3212925888177053,67.91460800491812
Fabian Brunnstrom,16,4,0.25,1,0.25,0.32113133372160746,67.86981492266872
Nikita Filatov,5,4,0.8,1,0.25,0.32113133372160746,67.86981492266872
Matt Frattin,20,4,0.2,1,0.25,0.32113133372160746,67.86981492266872
Linden Vey,15,4,0.26666666666666666,1,0.25,0.32113133372160746,67.86981492266872
Kaspars Daugavins,16,4,0.25,1,0.25,0.32113133372160746,67.86981492266872
Troy Terry,7,4,0.5714285714285714,1,0.25,0.32113133372160746,67.86981492266872
Pontus Aberg,12,4,0.3333333333333333,1,0.25,0.32113133372160746,67.86981492266872
Steve Sullivan,53,35,0.660377358490566,11,0.3142857142857143,0.32113096971461846,67.86971380961623
Patrick Sharp,120,66,0.55,21,0.3181818181818182,0.32113060570762963,67.86961269656378
Brent Burns,126,32,0.25396825396825395,10,0.3125,0.32096971461852064,67.82492072736683
Victor Hedman,80,26,0.325,8,0.3076923076923077,0.32064720442632494,67.73533456286803
Derek Stepan,78,26,0.3333333333333333,8,0.3076923076923077,0.32064720442632494,67.73533456286803
Scott Gomez,121,26,0.21487603305785125,8,0.3076923076923077,0.32064720442632494,67.73533456286803
Rene Bourque,89,26,0.29213483146067415,8,0.3076923076923077,0.32064720442632494,67.73533456286803
Jason Blake,66,23,0.3484848484848485,7,0.30434782608695654,0.3204859493302271,67.69054148061863
Matt Read,59,23,0.3898305084745763,7,0.30434782608695654,0.3204859493302271,67.69054148061863
Lars Eller,79,20,0.25316455696202533,6,0.3,0.32032469423412924,67.64574839836922
Alexander Wennberg,33,20,0.6060606060606061,6,0.3,0.32032469423412924,67.64574839836922
Martin Erat,98,51,0.5204081632653061,16,0.3137254901960784,0.32032433022714035,67.64564728531676
Jamie Benn,81,48,0.5925925925925926,15,0.3125,0.3201630751310425,67.60085420306734
Zemgus Girgensons,51,14,0.27450980392156865,4,0.2857142857142857,0.32000218404193365,67.55616223387045
Dave Bolland,68,14,0.20588235294117646,4,0.2857142857142857,0.32000218404193365,67.55616223387045
Erik Haula,39,8,0.20512820512820512,2,0.25,0.3196796738497379,67.46657606937163
William Karlsson,34,8,0.23529411764705882,2,0.25,0.3196796738497379,67.46657606937163
P.J. Axelsson,36,8,0.2222222222222222,2,0.25,0.3196796738497379,67.46657606937163
Owen Nolan,27,8,0.2962962962962963,2,0.25,0.3196796738497379,67.46657606937163
Jesper Bratt,22,8,0.36363636363636365,2,0.25,0.3196796738497379,67.46657606937163
Joakim Lindstrom,20,8,0.4,2,0.25,0.3196796738497379,67.46657606937163
Bobby Butler,13,5,0.38461538461538464,1,0.2,0.31951841875364007,67.42178298712223
David Legwand,101,33,0.32673267326732675,10,0.30303030303030304,0.31935679965055325,67.37688879182033
Kris Versteeg,92,30,0.32608695652173914,9,0.3,0.3191955445544554,67.33209570957094
Wayne Simmonds,129,30,0.23255813953488372,9,0.3,0.3191955445544554,67.33209570957094
Rich Peverley,43,30,0.6976744186046512,9,0.3,0.3191955445544554,67.33209570957094
Mikhail Grabovski,82,27,0.32926829268292684,8,0.2962962962962963,0.31903428945835755,67.28730262732154
Antti Miettinen,66,27,0.4090909090909091,8,0.2962962962962963,0.31903428945835755,67.28730262732154
Artem Anisimov,72,27,0.375,8,0.2962962962962963,0.31903428945835755,67.28730262732154
Marco Sturm,78,27,0.34615384615384615,8,0.2962962962962963,0.31903428945835755,67.28730262732154
Bryan Little,75,58,0.7733333333333333,18,0.3103448275862069,0.31903392545136866,67.28720151426907
Jakub Voracek,121,58,0.4793388429752066,18,0.3103448275862069,0.31903392545136866,67.28720151426907
Steven Reinprecht,44,24,0.5454545454545454,7,0.2916666666666667,0.3188730343622598,67.24250954507215
Nikolay Kulemin,87,24,0.27586206896551724,7,0.2916666666666667,0.3188730343622598,67.24250954507215
Sergei Samsonov,51,24,0.47058823529411764,7,0.2916666666666667,0.3188730343622598,67.24250954507215
Pierre-Marc Bouchard,64,24,0.375,7,0.2916666666666667,0.3188730343622598,67.24250954507215
Marian Hossa,108,55,0.5092592592592593,17,0.3090909090909091,0.3188726703552708,67.24240843201966
Jack Eichel,26,21,0.8076923076923077,6,0.2857142857142857,0.3187117792661619,67.19771646282274
Gabriel Landeskog,51,18,0.35294117647058826,5,0.2777777777777778,0.3185505241700641,67.15292338057334
Sam Gagner,99,80,0.8080808080808081,25,0.3125,0.31854979615608614,67.15272115446837
Gilbert Brule,42,15,0.35714285714285715,4,0.26666666666666666,0.31838926907396625,67.10813029832396
Dean McAmmond,43,15,0.3488372093023256,4,0.26666666666666666,0.31838926907396625,67.10813029832396
Darcy Tucker,41,15,0.36585365853658536,4,0.26666666666666666,0.31838926907396625,67.10813029832396
Alex Ovechkin,131,108,0.8244274809160306,34,0.3148148148148148,0.31838817705299943,67.1078269591665
Ville Peltonen,27,12,0.4444444444444444,3,0.25,0.3182280139778684,67.06333721607454
Keith Tkachuk,42,12,0.2857142857142857,3,0.25,0.3182280139778684,67.06333721607454
Ville Leino,44,12,0.2727272727272727,3,0.25,0.3182280139778684,67.06333721607454
Alex Chiasson,53,12,0.22641509433962265,3,0.25,0.3182280139778684,67.06333721607454
Shane Doan,69,40,0.5797101449275363,12,0.3,0.3180663948747816,67.01844302077266
Marc Pouliot,22,6,0.2727272727272727,1,0.16666666666666666,0.31790550378567267,66.97375105157573
Ryan Callahan,93,34,0.3655913978494624,10,0.29411764705882354,0.31774388468258585,66.92885685627384
Chris Higgins,89,28,0.3146067415730337,8,0.2857142857142857,0.31742137449039015,66.83927069177503
Tomas Tatar,65,28,0.4307692307692308,8,0.2857142857142857,0.31742137449039015,66.83927069177503
Lauri Korpikoski,60,25,0.4166666666666667,7,0.28,0.31726011939429233,66.79447760952564
Trent Hunter,59,22,0.3728813559322034,6,0.2727272727272727,0.31709886429819456,66.74968452727626
Niklas Hagman,66,19,0.2878787878787879,5,0.2631578947368421,0.3169376092020967,66.70489144502685
Nathan Gerbe,54,19,0.35185185185185186,5,0.2631578947368421,0.3169376092020967,66.70489144502685
Alexander Semin,66,50,0.7575757575757576,15,0.3,0.31693724519510774,66.70479033197437
Cory Stillman,44,16,0.36363636363636365,4,0.25,0.31677635410599886,66.66009836277745
Jaccob Slavin,31,16,0.5161290322580645,4,0.25,0.31677635410599886,66.66009836277745
Dylan Larkin,33,16,0.48484848484848486,4,0.25,0.31677635410599886,66.66009836277745
Derek Roy,104,47,0.4519230769230769,14,0.2978723404255319,0.31677599009900986,66.65999724972495
Damien Brunner,20,13,0.65,3,0.23076923076923078,0.316615099009901,66.61530528052805
Sven Baertschi,23,10,0.43478260869565216,2,0.2,0.3164538439138031,66.57051219827864
Jake Debrusk,14,10,0.7142857142857143,2,0.2,0.3164538439138031,66.57051219827864
Tom Pyatt,46,10,0.21739130434782608,2,0.2,0.3164538439138031,66.57051219827864
Eric Perrin,21,10,0.47619047619047616,2,0.2,0.3164538439138031,66.57051219827864
Linus Omark,18,10,0.5555555555555556,2,0.2,0.3164538439138031,66.57051219827864
Matthew Lombardi,45,10,0.2222222222222222,2,0.2,0.3164538439138031,66.57051219827864
Nail Yakupov,32,7,0.21875,1,0.14285714285714285,0.3162925888177053,66.52571911602924
Frank Vatrano,26,7,0.2692307692307692,1,0.14285714285714285,0.3162925888177053,66.52571911602924
Pavel Buchnevich,19,4,0.21052631578947367,0,0.0,0.31613133372160745,66.48092603377984
Seth Griffith,13,4,0.3076923076923077,0,0.0,0.31613133372160745,66.48092603377984
David Rundblad,13,4,0.3076923076923077,0,0.0,0.31613133372160745,66.48092603377984
James vanRiemsdyk,86,32,0.37209302325581395,9,0.28125,0.31596971461852064,66.43603183847794
Milan Michalek,94,29,0.30851063829787234,8,0.27586206896551724,0.3158084595224228,66.39123875622855
Patrick Marleau,140,54,0.38571428571428573,16,0.2962962962962963,0.31548558532323817,66.30155147867725
Jonathan Huberdeau,70,54,0.7714285714285715,16,0.2962962962962963,0.31548558532323817,66.30155147867725
Johnny Gaudreau,35,20,0.5714285714285714,5,0.25,0.3153246942341293,66.25685950948035
Erik Karlsson,84,20,0.23809523809523808,5,0.25,0.3153246942341293,66.25685950948035
Mike Hoffman,66,17,0.25757575757575757,4,0.23529411764705882,0.31516343913803146,66.21206642723095
Sebastian Aho,24,14,0.5833333333333334,3,0.21428571428571427,0.31500218404193364,66.16727334498157
Benoit Pouliot,68,14,0.20588235294117646,3,0.21428571428571427,0.31500218404193364,66.16727334498157
William Nylander,28,14,0.5,3,0.21428571428571427,0.31500218404193364,66.16727334498157
Clayton Keller,23,11,0.4782608695652174,2,0.18181818181818182,0.3148409289458357,66.12248026273213
Sergei Fedorov,35,11,0.3142857142857143,2,0.18181818181818182,0.3148409289458357,66.12248026273213
Torey Krug,48,11,0.22916666666666666,2,0.18181818181818182,0.3148409289458357,66.12248026273213
Brendan Gallagher,50,11,0.22,2,0.18181818181818182,0.3148409289458357,66.12248026273213
Travis Konecny,34,11,0.3235294117647059,2,0.18181818181818182,0.3148409289458357,66.12248026273213
Robby Fabbri,18,8,0.4444444444444444,1,0.125,0.3146796738497379,66.07768718048274
Danton Heinen,17,5,0.29411764705882354,0,0.0,0.31451841875364006,66.03289409823334
Mike Modano,57,30,0.5263157894736842,8,0.26666666666666666,0.3141955445544554,65.94320682068205
Teddy Purcell,73,27,0.3698630136986301,7,0.25925925925925924,0.31403428945835754,65.89841373843264
Antoine Vermette,107,58,0.5420560747663551,17,0.29310344827586204,0.31403392545136866,65.89831262538017
Andrei Kostitsyn,55,24,0.43636363636363634,6,0.25,0.3138730343622598,65.85362065618327
Marek Zidlicky,101,24,0.2376237623762376,6,0.25,0.3138730343622598,65.85362065618327
Reilly Smith,57,21,0.3684210526315789,5,0.23809523809523808,0.3137117792661619,65.80882757393385
Tanner Pearson,38,15,0.39473684210526316,3,0.2,0.31338926907396625,65.71924140943506
Anthony Duclair,21,15,0.7142857142857143,3,0.2,0.31338926907396625,65.71924140943506
Chris Drury,75,15,0.2,3,0.2,0.31338926907396625,65.71924140943506
Elias Lindholm,47,12,0.2553191489361702,2,0.16666666666666666,0.31322801397786837,65.67444832718564
Mark Stone,54,12,0.2222222222222222,2,0.16666666666666666,0.31322801397786837,65.67444832718564
Nathan Horton,77,43,0.5584415584415584,12,0.27906976744186046,0.31322764997087943,65.67434721413316
Alex Galchenyuk,57,43,0.7543859649122807,12,0.27906976744186046,0.31322764997087943,65.67434721413316
Oliver Bjorkstrand,16,9,0.5625,1,0.1111111111111111,0.3130667588817705,65.62965524493625
Victor Rask,38,9,0.23684210526315788,1,0.1111111111111111,0.3130667588817705,65.62965524493625
Matt D'Agostini,39,9,0.23076923076923078,1,0.1111111111111111,0.3130667588817705,65.62965524493625
Dan Boyle,112,40,0.35714285714285715,11,0.275,0.3130663948747816,65.62955413188376
Nico Hischier,22,6,0.2727272727272727,0,0.0,0.31290550378567267,65.58486216268685
Brandon Bochenski,20,6,0.3,0,0.0,0.31290550378567267,65.58486216268685
Nikolay Goldobin,11,6,0.5454545454545454,0,0.0,0.31290550378567267,65.58486216268685
Mason Raymond,82,34,0.4146341463414634,9,0.2647058823529412,0.31274388468258585,65.53996796738495
Claude Giroux,106,93,0.8773584905660378,28,0.3010752688172043,0.3125819015725102,65.4949726590306
Mike Richards,96,59,0.6145833333333334,17,0.288135593220339,0.3124210104834012,65.45028068983366
Tim Connolly,43,25,0.5813953488372093,6,0.24,0.3122601193942923,65.40558872063674
Oliver Ekman-Larsson,58,19,0.3275862068965517,4,0.21052631578947367,0.3119376092020967,65.31600255613796
Marcel Goc,91,19,0.2087912087912088,4,0.21052631578947367,0.3119376092020967,65.31600255613796
Brayden Schenn,74,19,0.25675675675675674,4,0.21052631578947367,0.3119376092020967,65.31600255613796
Ryan Spooner,35,19,0.5428571428571428,4,0.21052631578947367,0.3119376092020967,65.31600255613796
Bo Horvat,45,16,0.35555555555555557,3,0.1875,0.31177635410599885,65.27120947388856
Brock Boeser,17,16,0.9411764705882353,3,0.1875,0.31177635410599885,65.27120947388856
Nik Antropov,56,16,0.2857142857142857,3,0.1875,0.31177635410599885,65.27120947388856
Mathieu Perreault,55,13,0.23636363636363636,2,0.15384615384615385,0.311615099009901,65.22641639163915
Marian Gaborik,87,44,0.5057471264367817,12,0.2727272727272727,0.31161473500291204,65.22631527858667
Ryan Smyth,95,32,0.3368421052631579,8,0.25,0.31096971461852063,65.04714294958906
Alexander Edler,113,26,0.23008849557522124,6,0.23076923076923078,0.310647204426325,64.95755678509026
Simon Gagne,51,26,0.5098039215686274,6,0.23076923076923078,0.310647204426325,64.95755678509026
Mike Fisher,94,26,0.2765957446808511,6,0.23076923076923078,0.310647204426325,64.95755678509026
Mitchell Marner,25,23,0.92,5,0.21739130434782608,0.31048594933022716,64.91276370284086
Petr Prucha,48,20,0.4166666666666667,4,0.2,0.3103246942341293,64.86797062059146
Mikael Samuelsson,67,17,0.2537313432835821,3,0.17647058823529413,0.31016343913803146,64.82317753834207
Mark Recchi,69,14,0.2028985507246377,2,0.14285714285714285,0.31000218404193364,64.77838445609267
Craig Smith,77,42,0.5454545454545454,11,0.2619047619047619,0.3098405649388468,64.73349026079077
Taylor Hall,62,33,0.532258064516129,8,0.24242424242424243,0.30935679965055324,64.59911101404256
Valtteri Filppula,122,33,0.27049180327868855,8,0.24242424242424243,0.30935679965055324,64.59911101404256
Sean Couturier,78,30,0.38461538461538464,7,0.23333333333333334,0.3091955445544554,64.55431793179316
Eric Staal,94,27,0.2872340425531915,6,0.2222222222222222,0.30903428945835754,64.50952484954375
David Krejci,104,52,0.5,14,0.2692307692307692,0.30871141525917295,64.41983757199247
Rostislav Olesz,54,18,0.3333333333333333,3,0.16666666666666666,0.30855052417006407,64.37514560279557
Kevin Fiala,26,18,0.6923076923076923,3,0.16666666666666666,0.30855052417006407,64.37514560279557
Jarome Iginla,100,46,0.46,12,0.2608695652173913,0.30838890506697725,64.33025140749368
Dustin Brown,141,68,0.48226950354609927,19,0.27941176470588236,0.30790477577169484,64.195771047693
Jeff Carter,110,59,0.5363636363636364,16,0.2711864406779661,0.30742101048340126,64.06139180094479
Nazem Kadri,68,25,0.36764705882352944,5,0.2,0.3072601193942924,64.01669983174787
Phil Kessel,127,72,0.5669291338582677,20,0.2777777777777778,0.30645311589982527,63.7925321943959
Max Pacioretty,87,35,0.40229885057471265,8,0.22857142857142856,0.30613096971461845,63.70304714294956
Jaromir Jagr,104,32,0.3076923076923077,7,0.21875,0.3059697146185206,63.658254060700166
Travis Zajac,127,29,0.2283464566929134,6,0.20689655172413793,0.30580845952242286,63.61346097845079
David Pastrnak,32,23,0.71875,4,0.17391304347826086,0.30548594933022716,63.52387481395198
Martin StLouis,91,39,0.42857142857142855,9,0.23076923076923078,0.304679309842749,63.29980828965249
Kyle Palmieri,61,27,0.4426229508196721,5,0.18518518518518517,0.3040342894583576,63.12063596065488
Adam Henrique,81,21,0.25925925925925924,3,0.14285714285714285,0.3037117792661619,63.03104979615607
Patrice Bergeron,123,90,0.7317073170731707,25,0.2777777777777778,0.3024206464764123,62.67240179900341
Martin Havlat,79,25,0.31645569620253167,4,0.16,0.30226011939429237,62.627810942858986
Loui Eriksson,129,44,0.34108527131782945,10,0.22727272727272727,0.301614735002912,62.44853750080889
John Tavares,95,63,0.6631578947368421,16,0.25396825396825395,0.30096935061153174,62.26926405875881
Ryan Kesler,119,60,0.5042016806722689,15,0.25,0.30080809551543386,62.224470976509394
Stephen Weiss,92,42,0.45652173913043476,9,0.21428571428571427,0.2998405649388468,61.955712483012995
Henrik Zetterberg,117,65,0.5555555555555556,16,0.24615384615384617,0.29774352067559695,61.37320018766581
Brad Marchand,79,44,0.5569620253164557,9,0.20454545454545456,0.296614735002912,61.05964861192
Maxim Lapierre,81,12,0.14814814814814814,6,0.5,0.2932,60.11111111111111
Vincent Lecavalier,92,62,0.6739130434782609,14,0.22580645161290322,0.29258226557949907,59.93951821652751
Jochen Hecht,74,8,0.10810810810810811,4,0.5,0.28880000000000006,58.8888888888889
Brooks Laich,96,19,0.19791666666666666,7,0.3684210526315789,0.2884,58.777777777777764
Patrick Eaves,63,12,0.19047619047619047,5,0.4166666666666667,0.2882,58.722222222222214
Raffi Torres,73,12,0.1643835616438356,5,0.4166666666666667,0.2882,58.722222222222214
Dougie Hamilton,51,5,0.09803921568627451,3,0.6,0.28800000000000003,58.66666666666667
Bryan Rust,23,2,0.08695652173913043,2,1.0,0.2872,58.44444444444444
Jason Arnott,69,6,0.08695652173913043,3,0.5,0.2866,58.27777777777778
Dominic Moore,110,17,0.15454545454545454,6,0.35294117647058826,0.28620000000000007,58.16666666666668
David Clarkson,82,10,0.12195121951219512,4,0.4,0.28600000000000003,58.111111111111114
Colby Armstrong,51,3,0.058823529411764705,2,0.6666666666666666,0.28580000000000005,58.055555555555564
Tim Stapleton,11,3,0.2727272727272727,2,0.6666666666666666,0.28580000000000005,58.055555555555564
Dwight King,43,3,0.06976744186046512,2,0.6666666666666666,0.28580000000000005,58.055555555555564
Andrei Markov,93,14,0.15053763440860216,5,0.35714285714285715,0.28540000000000004,57.94444444444445
Brian Boyle,84,14,0.16666666666666666,5,0.35714285714285715,0.28540000000000004,57.94444444444445
Brenden Morrow,85,7,0.08235294117647059,3,0.42857142857142855,0.2852,57.888888888888886
Fredrik Sjostrom,56,11,0.19642857142857142,4,0.36363636363636365,0.2846,57.72222222222222
Fedor Tyutin,116,11,0.09482758620689655,4,0.36363636363636365,0.2846,57.72222222222222
Steve Ott,117,11,0.09401709401709402,4,0.36363636363636365,0.2846,57.72222222222222
Brandon Montour,23,4,0.17391304347826086,2,0.5,0.28440000000000004,57.66666666666667
Melker Karlsson,26,4,0.15384615384615385,2,0.5,0.28440000000000004,57.66666666666667
Matt Carle,82,4,0.04878048780487805,2,0.5,0.28440000000000004,57.66666666666667
Joe Thornton,137,15,0.10948905109489052,5,0.3333333333333333,0.2840000000000001,57.55555555555557
John Madden,81,15,0.18518518518518517,5,0.3333333333333333,0.2840000000000001,57.55555555555557
James Wisniewski,69,8,0.11594202898550725,3,0.375,0.28380000000000005,57.50000000000001
Tomas Kopecky,93,8,0.08602150537634409,3,0.375,0.28380000000000005,57.50000000000001
Mika Pyorala,5,1,0.2,1,1.0,0.2836,57.44444444444444
Evgeny Svechnikov,2,1,0.5,1,1.0,0.2836,57.44444444444444
Daniel Sprong,7,1,0.14285714285714285,1,1.0,0.2836,57.44444444444444
Tye McGinn,10,1,0.1,1,1.0,0.2836,57.44444444444444
Dan Carcillo,45,1,0.022222222222222223,1,1.0,0.2836,57.44444444444444
Daniel Carr,7,1,0.14285714285714285,1,1.0,0.2836,57.44444444444444
Rasmus Dahlin,11,1,0.09090909090909091,1,1.0,0.2836,57.44444444444444
Peter Regin,28,1,0.03571428571428571,1,1.0,0.2836,57.44444444444444
Emerson Etem,24,1,0.041666666666666664,1,1.0,0.2836,57.44444444444444
Dylan Olsen,23,1,0.043478260869565216,1,1.0,0.2836,57.44444444444444
Dustin Jeffrey,14,1,0.07142857142857142,1,1.0,0.2836,57.44444444444444
Denis Gurianov,4,1,0.25,1,1.0,0.2836,57.44444444444444
Roman Horak,10,1,0.1,1,1.0,0.2836,57.44444444444444
Andreas Johnsson,7,1,0.14285714285714285,1,1.0,0.2836,57.44444444444444
Zach Bogosian,64,1,0.015625,1,1.0,0.2836,57.44444444444444
Martin St-Pierre,9,1,0.1111111111111111,1,1.0,0.2836,57.44444444444444
Rob Klinkhammer,20,1,0.05,1,1.0,0.2836,57.44444444444444
Colin McDonald,24,1,0.041666666666666664,1,1.0,0.2836,57.44444444444444
Jake Virtanen,25,1,0.04,1,1.0,0.2836,57.44444444444444
Martin Marincin,26,1,0.038461538461538464,1,1.0,0.2836,57.44444444444444
Chris Clark,43,1,0.023255813953488372,1,1.0,0.2836,57.44444444444444
Teddy Blueger,5,1,0.2,1,1.0,0.2836,57.44444444444444
Jeremy Williams,3,1,0.3333333333333333,1,1.0,0.2836,57.44444444444444
Jeremy Morin,13,1,0.07692307692307693,1,1.0,0.2836,57.44444444444444
Sami Vatanen,50,1,0.02,1,1.0,0.2836,57.44444444444444
Brooks Orpik,108,1,0.009259259259259259,1,1.0,0.2836,57.44444444444444
Brett Sterling,2,1,0.5,1,1.0,0.2836,57.44444444444444
Stephane DaCosta,8,1,0.125,1,1.0,0.2836,57.44444444444444
Alex Khokhlachev,1,1,1.0,1,1.0,0.2836,57.44444444444444
Josh Anderson,18,1,0.05555555555555555,1,1.0,0.2836,57.44444444444444
Timo Meier,15,1,0.06666666666666667,1,1.0,0.2836,57.44444444444444
Mike Matheson,30,1,0.03333333333333333,1,1.0,0.2836,57.44444444444444
Sammy Blais,5,1,0.2,1,1.0,0.2836,57.44444444444444
Brent Seabrook,142,1,0.007042253521126761,1,1.0,0.2836,57.44444444444444
Dillon Dube,5,1,0.2,1,1.0,0.2836,57.44444444444444
Brandon Sutter,68,12,0.17647058823529413,4,0.3333333333333333,0.2832,57.33333333333333
Pascal Dupuis,88,12,0.13636363636363635,4,0.3333333333333333,0.2832,57.33333333333333
Riley Sheahan,53,5,0.09433962264150944,2,0.4,0.28300000000000003,57.27777777777778
Alex Goligoski,95,5,0.05263157894736842,2,0.4,0.28300000000000003,57.27777777777778
Christian Dvorak,27,5,0.18518518518518517,2,0.4,0.28300000000000003,57.27777777777778
Colton Sceviour,43,5,0.11627906976744186,2,0.4,0.28300000000000003,57.27777777777778
David Schlemko,29,5,0.1724137931034483,2,0.4,0.28300000000000003,57.27777777777778
Cam Fowler,76,9,0.11842105263157894,3,0.3333333333333333,0.28240000000000004,57.111111111111114
Mattias Ohlund,60,2,0.03333333333333333,1,0.5,0.2822,57.05555555555555
Maksim Mayorov,2,2,1.0,1,0.5,0.2822,57.05555555555555
Yannick Weber,59,2,0.03389830508474576,1,0.5,0.2822,57.05555555555555
Lucas Lessio,6,2,0.3333333333333333,1,0.5,0.2822,57.05555555555555
Lubomir Visnovsky,75,2,0.02666666666666667,1,0.5,0.2822,57.05555555555555
Devante Smith-Pelly,40,2,0.05,1,0.5,0.2822,57.05555555555555
Viktor Tikhonov,7,2,0.2857142857142857,1,0.5,0.2822,57.05555555555555
Jordan Leopold,79,2,0.02531645569620253,1,0.5,0.2822,57.05555555555555
Derek MacKenzie,81,2,0.024691358024691357,1,0.5,0.2822,57.05555555555555
Dominik Kahun,8,2,0.25,1,0.5,0.2822,57.05555555555555
Richard Zednik,31,2,0.06451612903225806,1,0.5,0.2822,57.05555555555555
Rocco Grimaldi,16,2,0.125,1,0.5,0.2822,57.05555555555555
Drew Miller,89,2,0.02247191011235955,1,0.5,0.2822,57.05555555555555
Rasmus Ristolainen,50,2,0.04,1,0.5,0.2822,57.05555555555555
Corban Knight,5,2,0.4,1,0.5,0.2822,57.05555555555555
Ryan Stoa,4,2,0.5,1,0.5,0.2822,57.05555555555555
Nikolai Prokhorkin,2,2,1.0,1,0.5,0.2822,57.05555555555555
Jay McClement,120,2,0.016666666666666666,1,0.5,0.2822,57.05555555555555
Steve Bernier,81,2,0.024691358024691357,1,0.5,0.2822,57.05555555555555
Andrew Ebbett,29,2,0.06896551724137931,1,0.5,0.2822,57.05555555555555
Thomas Hickey,58,2,0.034482758620689655,1,0.5,0.2822,57.05555555555555
Tim Heed,4,2,0.5,1,0.5,0.2822,57.05555555555555
Nicklas Jensen,3,2,0.6666666666666666,1,0.5,0.2822,57.05555555555555
Brad Winchester,45,2,0.044444444444444446,1,0.5,0.2822,57.05555555555555
Tomas Vincour,16,2,0.125,1,0.5,0.2822,57.05555555555555
Antoine Roussel,40,2,0.05,1,0.5,0.2822,57.05555555555555
Mike Kostka,13,2,0.15384615384615385,1,0.5,0.2822,57.05555555555555
Toni Lydman,83,2,0.024096385542168676,1,0.5,0.2822,57.05555555555555
Justin Fontaine,21,2,0.09523809523809523,1,0.5,0.2822,57.05555555555555
Josh Jooris,16,2,0.125,1,0.5,0.2822,57.05555555555555
Mikhail Grigorenko,14,2,0.14285714285714285,1,0.5,0.2822,57.05555555555555
Mikhail Sergachev,16,2,0.125,1,0.5,0.2822,57.05555555555555
Vernon Fiddler,84,13,0.15476190476190477,4,0.3076923076923077,0.28180000000000005,56.94444444444445
Jori Lehtera,31,6,0.1935483870967742,2,0.3333333333333333,0.2816,56.888888888888886
Darren Helm,82,6,0.07317073170731707,2,0.3333333333333333,0.2816,56.888888888888886
Adam Hall,68,10,0.14705882352941177,3,0.3,0.281,56.72222222222222
Richard Park,59,10,0.1694915254237288,3,0.3,0.281,56.72222222222222
Nikita Soshnikov,11,3,0.2727272727272727,1,0.3333333333333333,0.28080000000000005,56.66666666666667
Nick Leddy,102,3,0.029411764705882353,1,0.3333333333333333,0.28080000000000005,56.66666666666667
Maxime Talbot,102,3,0.029411764705882353,1,0.3333333333333333,0.28080000000000005,56.66666666666667
Tommy Wingels,59,3,0.05084745762711865,1,0.3333333333333333,0.28080000000000005,56.66666666666667
Vladislav Namestnikov,39,3,0.07692307692307693,1,0.3333333333333333,0.28080000000000005,56.66666666666667
Phillip DiGiuseppe,13,3,0.23076923076923078,1,0.3333333333333333,0.28080000000000005,56.66666666666667
Sami Salo,72,3,0.041666666666666664,1,0.3333333333333333,0.28080000000000005,56.66666666666667
Noah Hanifin,33,3,0.09090909090909091,1,0.3333333333333333,0.28080000000000005,56.66666666666667
Tage Thompson,10,3,0.3,1,0.3333333333333333,0.28080000000000005,56.66666666666667
Kyle Brodziak,118,3,0.025423728813559324,1,0.3333333333333333,0.28080000000000005,56.66666666666667
Blake Coleman,27,3,0.1111111111111111,1,0.3333333333333333,0.28080000000000005,56.66666666666667
Joel Armia,20,3,0.15,1,0.3333333333333333,0.28080000000000005,56.66666666666667
Chad LaRose,44,3,0.06818181818181818,1,0.3333333333333333,0.28080000000000005,56.66666666666667
Casey Cizikas,71,3,0.04225352112676056,1,0.3333333333333333,0.28080000000000005,56.66666666666667
Kevin Porter,31,3,0.0967741935483871,1,0.3333333333333333,0.28080000000000005,56.66666666666667
Bryan Bickell,69,3,0.043478260869565216,1,0.3333333333333333,0.28080000000000005,56.66666666666667
Kamil Kreps,37,3,0.08108108108108109,1,0.3333333333333333,0.28080000000000005,56.66666666666667
Justin Abdelkader,91,3,0.03296703296703297,1,0.3333333333333333,0.28080000000000005,56.66666666666667
John Carlson,85,3,0.03529411764705882,1,0.3333333333333333,0.28080000000000005,56.66666666666667
Brandon Yip,20,3,0.15,1,0.3333333333333333,0.28080000000000005,56.66666666666667
Beau Bennett,21,3,0.14285714285714285,1,0.3333333333333333,0.28080000000000005,56.66666666666667
Joel Ward,87,3,0.034482758620689655,1,0.3333333333333333,0.28080000000000005,56.66666666666667
Conor Sheary,27,3,0.1111111111111111,1,0.3333333333333333,0.28080000000000005,56.66666666666667
Derek Ryan,25,3,0.12,1,0.3333333333333333,0.28080000000000005,56.66666666666667
Jeff Halpern,71,3,0.04225352112676056,1,0.3333333333333333,0.28080000000000005,56.66666666666667
Chris Wagner,30,3,0.1,1,0.3333333333333333,0.28080000000000005,56.66666666666667
Blake Comeau,79,3,0.0379746835443038,1,0.3333333333333333,0.28080000000000005,56.66666666666667
Ben Smith,38,3,0.07894736842105263,1,0.3333333333333333,0.28080000000000005,56.66666666666667
Roman Josi,73,14,0.1917808219178082,4,0.2857142857142857,0.28040000000000004,56.55555555555556
Viktor Stalberg,71,7,0.09859154929577464,2,0.2857142857142857,0.2802,56.49999999999999
Damon Severson,45,7,0.15555555555555556,2,0.2857142857142857,0.2802,56.49999999999999
Jason Zucker,36,7,0.19444444444444445,2,0.2857142857142857,0.2802,56.49999999999999
Mike Knuble,64,7,0.109375,2,0.2857142857142857,0.2802,56.49999999999999
Zdeno Chara,133,11,0.08270676691729323,3,0.2727272727272727,0.2796,56.33333333333333
Matt Niskanen,107,4,0.037383177570093455,1,0.25,0.27940000000000004,56.27777777777778
Niklas Kronwall,118,4,0.03389830508474576,1,0.25,0.27940000000000004,56.27777777777778
Nick Ritchie,23,4,0.17391304347826086,1,0.25,0.27940000000000004,56.27777777777778
Tyler Myers,73,4,0.0547945205479452,1,0.25,0.27940000000000004,56.27777777777778
Evgeny Artyukhin,27,4,0.14814814814814814,1,0.25,0.27940000000000004,56.27777777777778
Jean-Pierre Dumont,58,4,0.06896551724137931,1,0.25,0.27940000000000004,56.27777777777778
Pavel Zacha,28,4,0.14285714285714285,1,0.25,0.27940000000000004,56.27777777777778
Jordan Schroeder,21,4,0.19047619047619047,1,0.25,0.27940000000000004,56.27777777777778
Blair Jones,22,4,0.18181818181818182,1,0.25,0.27940000000000004,56.27777777777778
Troy Brouwer,113,22,0.19469026548672566,6,0.2727272727272727,0.2792,56.222222222222214
Andrew Shaw,64,8,0.125,2,0.25,0.27880000000000005,56.111111111111114
Boone Jenner,43,8,0.18604651162790697,2,0.25,0.27880000000000005,56.111111111111114
Ryan Strome,50,8,0.16,2,0.25,0.27880000000000005,56.111111111111114
Roman Lyubimov,8,1,0.125,0,0.0,0.2786,56.05555555555555
Jack Roslovic,10,1,0.1,0,0.0,0.2786,56.05555555555555
Seth Jones,50,1,0.02,0,0.0,0.2786,56.05555555555555
Connor Brown,26,1,0.038461538461538464,0,0.0,0.2786,56.05555555555555
Ryan Vesce,6,1,0.16666666666666666,0,0.0,0.2786,56.05555555555555
Brendan Bell,13,1,0.07692307692307693,0,0.0,0.2786,56.05555555555555
J.T. Compher,9,1,0.1111111111111111,0,0.0,0.2786,56.05555555555555
Ivan Provorov,35,1,0.02857142857142857,0,0.0,0.2786,56.05555555555555
Tim Schaller,30,1,0.03333333333333333,0,0.0,0.2786,56.05555555555555
Ilya Mikheyev,3,1,0.3333333333333333,0,0.0,0.2786,56.05555555555555
Chris Pronger,64,1,0.015625,0,0.0,0.2786,56.05555555555555
Iiro Pakarinen,12,1,0.08333333333333333,0,0.0,0.2786,56.05555555555555
Henrik Tallinder,77,1,0.012987012987012988,0,0.0,0.2786,56.05555555555555
Tim Kennedy,16,1,0.0625,0,0.0,0.2786,56.05555555555555
Brendan Leipsic,18,1,0.05555555555555555,0,0.0,0.2786,56.05555555555555
Brendan Smith,62,1,0.016129032258064516,0,0.0,0.2786,56.05555555555555
Hampus Lindholm,58,1,0.017241379310344827,0,0.0,0.2786,56.05555555555555
Brendan Witt,45,1,0.022222222222222223,0,0.0,0.2786,56.05555555555555
Gabriel Vilardi,2,1,0.5,0,0.0,0.2786,56.05555555555555
Dainius Zubrus,97,1,0.010309278350515464,0,0.0,0.2786,56.05555555555555
Colin White,8,1,0.125,0,0.0,0.2786,56.05555555555555
Brandon Segal,16,1,0.0625,0,0.0,0.2786,56.05555555555555
Denis Malgin,25,1,0.04,0,0.0,0.2786,56.05555555555555
Colin Greening,41,1,0.024390243902439025,0,0.0,0.2786,56.05555555555555
Scott Parse,16,1,0.0625,0,0.0,0.2786,56.05555555555555
Brad Richardson,105,1,0.009523809523809525,0,0.0,0.2786,56.05555555555555
Brady Tkachuk,7,1,0.14285714285714285,0,0.0,0.2786,56.05555555555555
Scott Niedermayer,55,1,0.01818181818181818,0,0.0,0.2786,56.05555555555555
Chris Wideman,21,1,0.047619047619047616,0,0.0,0.2786,56.05555555555555
Janne Kuokkanen,3,1,0.3333333333333333,0,0.0,0.2786,56.05555555555555
Scott Hartnell,105,1,0.009523809523809525,0,0.0,0.2786,56.05555555555555
Jamie McGinn,77,1,0.012987012987012988,0,0.0,0.2786,56.05555555555555
Jamie McBain,38,1,0.02631578947368421,0,0.0,0.2786,56.05555555555555
Cody Eakin,45,1,0.022222222222222223,0,0.0,0.2786,56.05555555555555
Cody McCormick,48,1,0.020833333333333332,0,0.0,0.2786,56.05555555555555
Tomas Holmstrom,63,1,0.015873015873015872,0,0.0,0.2786,56.05555555555555
Tom Wilson,53,1,0.018867924528301886,0,0.0,0.2786,56.05555555555555
Oscar Klefbom,38,1,0.02631578947368421,0,0.0,0.2786,56.05555555555555
Oscar Lindberg,19,1,0.05263157894736842,0,0.0,0.2786,56.05555555555555
Colin Fraser,60,1,0.016666666666666666,0,0.0,0.2786,56.05555555555555
Tom Wandell,38,1,0.02631578947368421,0,0.0,0.2786,56.05555555555555
Oskar Lindblom,15,1,0.06666666666666667,0,0.0,0.2786,56.05555555555555
Jakob Chychrun,24,1,0.041666666666666664,0,0.0,0.2786,56.05555555555555
Brett Connolly,38,1,0.02631578947368421,0,0.0,0.2786,56.05555555555555
Paul Ranger,43,1,0.023255813953488372,0,0.0,0.2786,56.05555555555555
Francois Beauchemin,105,1,0.009523809523809525,0,0.0,0.2786,56.05555555555555
Francis Bouillon,75,1,0.013333333333333334,0,0.0,0.2786,56.05555555555555
Dustin Boyd,26,1,0.038461538461538464,0,0.0,0.2786,56.05555555555555
Simon Despres,17,1,0.058823529411764705,0,0.0,0.2786,56.05555555555555
Drew Shore,8,1,0.125,0,0.0,0.2786,56.05555555555555
Chris Conner,24,1,0.041666666666666664,0,0.0,0.2786,56.05555555555555
Stefan Matteau,8,1,0.125,0,0.0,0.2786,56.05555555555555
Steve Montador,55,1,0.01818181818181818,0,0.0,0.2786,56.05555555555555
Dominik Simon,10,1,0.1,0,0.0,0.2786,56.05555555555555
Dmytro Timashov,7,1,0.14285714285714285,0,0.0,0.2786,56.05555555555555
Ryan Carter,63,1,0.015873015873015872,0,0.0,0.2786,56.05555555555555
Markus Hannikainen,10,1,0.1,0,0.0,0.2786,56.05555555555555
Rob Niedermayer,62,1,0.016129032258064516,0,0.0,0.2786,56.05555555555555
Stefan Noesen,14,1,0.07142857142857142,0,0.0,0.2786,56.05555555555555
Devon Toews,11,1,0.09090909090909091,0,0.0,0.2786,56.05555555555555
Derrick Pouliot,20,1,0.05,0,0.0,0.2786,56.05555555555555
Stephane Veilleux,66,1,0.015151515151515152,0,0.0,0.2786,56.05555555555555
Daymond Langkow,43,1,0.023255813953488372,0,0.0,0.2786,56.05555555555555
Derek Grant,27,1,0.037037037037037035,0,0.0,0.2786,56.05555555555555
Derek Dorsett,58,1,0.017241379310344827,0,0.0,0.2786,56.05555555555555
Roman Cervenka,2,1,0.5,0,0.0,0.2786,56.05555555555555
Carter Ashton,7,1,0.14285714285714285,0,0.0,0.2786,56.05555555555555
Carl Hagelin,57,1,0.017543859649122806,0,0.0,0.2786,56.05555555555555
Dylan Strome,13,1,0.07692307692307693,0,0.0,0.2786,56.05555555555555
Sheldon Souray,61,1,0.01639344262295082,0,0.0,0.2786,56.05555555555555
Brian Campbell,143,1,0.006993006993006993,0,0.0,0.2786,56.05555555555555
Chris Neil,97,1,0.010309278350515464,0,0.0,0.2786,56.05555555555555
Chris Kreider,50,1,0.02,0,0.0,0.2786,56.05555555555555
Peter Cehlarik,4,1,0.25,0,0.0,0.2786,56.05555555555555
Evgeny Medvedev,8,1,0.125,0,0.0,0.2786,56.05555555555555
Shea Weber,108,1,0.009259259259259259,0,0.0,0.2786,56.05555555555555
Ryan Johnson,42,1,0.023809523809523808,0,0.0,0.2786,56.05555555555555
Brody Sutter,3,1,0.3333333333333333,0,0.0,0.2786,56.05555555555555
Ryan Hartman,20,1,0.05,0,0.0,0.2786,56.05555555555555
Enver Lisin,12,1,0.08333333333333333,0,0.0,0.2786,56.05555555555555
Evan Rodrigues,12,1,0.08333333333333333,0,0.0,0.2786,56.05555555555555
Phil Varone,6,1,0.16666666666666666,0,0.0,0.2786,56.05555555555555
Ryan Hamilton,9,1,0.1111111111111111,0,0.0,0.2786,56.05555555555555
Erik Gudbranson,71,1,0.014084507042253521,0,0.0,0.2786,56.05555555555555
Bryan Rodney,9,1,0.1111111111111111,0,0.0,0.2786,56.05555555555555
Tomas Kubalik,2,1,0.5,0,0.0,0.2786,56.05555555555555
Carl Gunnarsson,79,1,0.012658227848101266,0,0.0,0.2786,56.05555555555555
Raphael Diaz,24,1,0.041666666666666664,0,0.0,0.2786,56.05555555555555
Cam Barker,52,1,0.019230769230769232,0,0.0,0.2786,56.05555555555555
Christian Ehrhoff,88,1,0.011363636363636364,0,0.0,0.2786,56.05555555555555
Cody Ceci,56,1,0.017857142857142856,0,0.0,0.2786,56.05555555555555
Andrej Nestrasil,11,1,0.09090909090909091,0,0.0,0.2786,56.05555555555555
Mattias Ekholm,59,1,0.01694915254237288,0,0.0,0.2786,56.05555555555555
Mattias Janmark,19,1,0.05263157894736842,0,0.0,0.2786,56.05555555555555
Logan Shaw,21,1,0.047619047619047616,0,0.0,0.2786,56.05555555555555
Mattias Ritola,6,1,0.16666666666666666,0,0.0,0.2786,56.05555555555555
Andre Burakovsky,23,1,0.043478260869565216,0,0.0,0.2786,56.05555555555555
Leo Komarov,55,1,0.01818181818181818,0,0.0,0.2786,56.05555555555555
Andrei Loktionov,31,1,0.03225806451612903,0,0.0,0.2786,56.05555555555555
Adam Gaudette,16,1,0.0625,0,0.0,0.2786,56.05555555555555
Andrej Meszaros,80,1,0.0125,0,0.0,0.2786,56.05555555555555
Kris Draper,56,1,0.017857142857142856,0,0.0,0.2786,56.05555555555555
Luke Adam,13,1,0.07692307692307693,0,0.0,0.2786,56.05555555555555
Michael DelZotto,80,1,0.0125,0,0.0,0.2786,56.05555555555555
Michael Grabner,83,1,0.012048192771084338,0,0.0,0.2786,56.05555555555555
Michael Latta,15,1,0.06666666666666667,0,0.0,0.2786,56.05555555555555
Victor Olofsson,3,1,0.3333333333333333,0,0.0,0.2786,56.05555555555555
Jason Demers,104,1,0.009615384615384616,0,0.0,0.2786,56.05555555555555
Andy Miele,2,1,0.5,0,0.0,0.2786,56.05555555555555
Michal Repik,9,1,0.1111111111111111,0,0.0,0.2786,56.05555555555555
Anthony Cirelli,12,1,0.08333333333333333,0,0.0,0.2786,56.05555555555555
Kevin Connauton,29,1,0.034482758620689655,0,0.0,0.2786,56.05555555555555
Alexandre Giroux,3,1,0.3333333333333333,0,0.0,0.2786,56.05555555555555
Matt Tennyson,15,1,0.06666666666666667,0,0.0,0.2786,56.05555555555555
Tyson Jost,9,1,0.1111111111111111,0,0.0,0.2786,56.05555555555555
Willie Mitchell,98,1,0.01020408163265306,0,0.0,0.2786,56.05555555555555
Mark Pysyk,54,1,0.018518518518518517,0,0.0,0.2786,56.05555555555555
Zach Sanford,14,1,0.07142857142857142,0,0.0,0.2786,56.05555555555555
Zach Redmond,14,1,0.07142857142857142,0,0.0,0.2786,56.05555555555555
Mark Giordano,89,1,0.011235955056179775,0,0.0,0.2786,56.05555555555555
Adam Larsson,62,1,0.016129032258064516,0,0.0,0.2786,56.05555555555555
Zach Boychuk,9,1,0.1111111111111111,0,0.0,0.2786,56.05555555555555
Adam Mair,63,1,0.015873015873015872,0,0.0,0.2786,56.05555555555555
Alan Quine,7,1,0.14285714285714285,0,0.0,0.2786,56.05555555555555
Yanni Gourde,18,1,0.05555555555555555,0,0.0,0.2786,56.05555555555555
Marc-Edouard Vlasic,129,1,0.007751937984496124,0,0.0,0.2786,56.05555555555555
Alexander Sulzer,17,1,0.058823529411764705,0,0.0,0.2786,56.05555555555555
Matt Dumba,29,1,0.034482758620689655,0,0.0,0.2786,56.05555555555555
Marc Staal,111,1,0.009009009009009009,0,0.0,0.2786,56.05555555555555
Matt Gilroy,28,1,0.03571428571428571,0,0.0,0.2786,56.05555555555555
Manny Malhotra,96,1,0.010416666666666666,0,0.0,0.2786,56.05555555555555
Matt Irwin,50,1,0.02,0,0.0,0.2786,56.05555555555555
Will Butcher,25,1,0.04,0,0.0,0.2786,56.05555555555555
Matt Nieto,43,1,0.023255813953488372,0,0.0,0.2786,56.05555555555555
Matt Puempel,12,1,0.08333333333333333,0,0.0,0.2786,56.05555555555555
Alexander Kerfoot,13,1,0.07692307692307693,0,0.0,0.2786,56.05555555555555
Anthony Mantha,19,1,0.05263157894736842,0,0.0,0.2786,56.05555555555555
Michael Rasmussen,8,1,0.125,0,0.0,0.2786,56.05555555555555
Johnny Boychuk,84,1,0.011904761904761904,0,0.0,0.2786,56.05555555555555
Nate Schmidt,39,1,0.02564102564102564,0,0.0,0.2786,56.05555555555555
Mike Sislo,5,1,0.2,0,0.0,0.2786,56.05555555555555
Ben Hutton,30,1,0.03333333333333333,0,0.0,0.2786,56.05555555555555
Jujhar Khaira,15,1,0.06666666666666667,0,0.0,0.2786,56.05555555555555
Joshua Ho-Sang,6,1,0.16666666666666666,0,0.0,0.2786,56.05555555555555
Josh Manson,38,1,0.02631578947368421,0,0.0,0.2786,56.05555555555555
Johan Sundstrom,2,1,0.5,0,0.0,0.2786,56.05555555555555
Joseph Blandisi,6,1,0.16666666666666666,0,0.0,0.2786,56.05555555555555
Trevor Smith,9,1,0.1111111111111111,0,0.0,0.2786,56.05555555555555
Jonny Brodzinski,4,1,0.25,0,0.0,0.2786,56.05555555555555
Ty Rattie,8,1,0.125,0,0.0,0.2786,56.05555555555555
Jonathan Sim,42,1,0.023809523809523808,0,0.0,0.2786,56.05555555555555
Austin Czarnik,6,1,0.16666666666666666,0,0.0,0.2786,56.05555555555555
John Persson,5,1,0.2,0,0.0,0.2786,56.05555555555555
John-Michael Liles,84,1,0.011904761904761904,0,0.0,0.2786,56.05555555555555
Morgan Frost,2,1,0.5,0,0.0,0.2786,56.05555555555555
Joakim Nordstrom,40,1,0.025,0,0.0,0.2786,56.05555555555555
Nick Suzuki,5,1,0.2,0,0.0,0.2786,56.05555555555555
Keith Aucoin,17,1,0.058823529411764705,0,0.0,0.2786,56.05555555555555
Jiri Novotny,32,1,0.03125,0,0.0,0.2786,56.05555555555555
Niklas Hjalmarsson,107,1,0.009345794392523364,0,0.0,0.2786,56.05555555555555
Jay Bouwmeester,134,1,0.007462686567164179,0,0.0,0.2786,56.05555555555555
Kenny Agostino,6,1,0.16666666666666666,0,0.0,0.2786,56.05555555555555
Keith Yandle,90,1,0.011111111111111112,0,0.0,0.2786,56.05555555555555
Anthony Peluso,18,1,0.05555555555555555,0,0.0,0.2786,56.05555555555555
Jean-Gabriel Pageau,48,1,0.020833333333333332,0,0.0,0.2786,56.05555555555555
Jeff Petry,68,1,0.014705882352941176,0,0.0,0.2786,56.05555555555555
Mike Halmo,5,1,0.2,0,0.0,0.2786,56.05555555555555
Nate Thompson,83,1,0.012048192771084338,0,0.0,0.2786,56.05555555555555
Karl Alzner,77,1,0.012987012987012988,0,0.0,0.2786,56.05555555555555
Benn Ferriero,18,1,0.05555555555555555,0,0.0,0.2786,56.05555555555555
Mike Reilly,13,1,0.07692307692307693,0,0.0,0.2786,56.05555555555555
Jeff Taffe,15,1,0.06666666666666667,0,0.0,0.2786,56.05555555555555
Justin Faulk,53,1,0.018867924528301886,0,0.0,0.2786,56.05555555555555
Torrey Mitchell,86,1,0.011627906976744186,0,0.0,0.2786,56.05555555555555
Trevor Daley,124,5,0.04032258064516129,1,0.2,0.278,55.888888888888886
Alexander Burmistrov,28,5,0.17857142857142858,1,0.2,0.278,55.888888888888886
Cody Franson,68,5,0.07352941176470588,1,0.2,0.278,55.888888888888886
Chris Tierney,32,5,0.15625,1,0.2,0.278,55.888888888888886
Dmitrij Jaskin,29,5,0.1724137931034483,1,0.2,0.278,55.888888888888886
Calle Jarnkrok,46,5,0.10869565217391304,1,0.2,0.278,55.888888888888886
Jordie Benn,40,5,0.125,1,0.2,0.278,55.888888888888886
Tyson Barrie,47,5,0.10638297872340426,1,0.2,0.278,55.888888888888886
Stephane Robidas,98,5,0.05102040816326531,1,0.2,0.278,55.888888888888886
Brandon Dubinsky,106,16,0.1509433962264151,4,0.25,0.27760000000000007,55.777777777777786
Kevin Hayes,47,9,0.19148936170212766,2,0.2222222222222222,0.27740000000000004,55.72222222222222
Curtis Glencross,65,9,0.13846153846153847,2,0.2222222222222222,0.27740000000000004,55.72222222222222
Kimmo Timonen,77,9,0.11688311688311688,2,0.2222222222222222,0.27740000000000004,55.72222222222222
Dmitry Kulikov,94,9,0.09574468085106383,2,0.2222222222222222,0.27740000000000004,55.72222222222222
David Backes,117,9,0.07692307692307693,2,0.2222222222222222,0.27740000000000004,55.72222222222222
Sergey Tolchinsky,3,2,0.6666666666666666,0,0.0,0.2772,55.66666666666666
T.J. Galiardi,50,2,0.04,0,0.0,0.2772,55.66666666666666
Zach Werenski,18,2,0.1111111111111111,0,0.0,0.2772,55.66666666666666
Valeri Nichushkin,19,2,0.10526315789473684,0,0.0,0.2772,55.66666666666666
Teemu Hartikainen,13,2,0.15384615384615385,0,0.0,0.2772,55.66666666666666
Casey Wellman,7,2,0.2857142857142857,0,0.0,0.2772,55.66666666666666
Artturi Lehkonen,20,2,0.1,0,0.0,0.2772,55.66666666666666
Andrew Mangiapane,10,2,0.2,0,0.0,0.2772,55.66666666666666
Chris Kelly,97,2,0.020618556701030927,0,0.0,0.2772,55.66666666666666
Travis Moen,87,2,0.022988505747126436,0,0.0,0.2772,55.66666666666666
Zac Dalpe,12,2,0.16666666666666666,0,0.0,0.2772,55.66666666666666
Brian Gibbons,24,2,0.08333333333333333,0,0.0,0.2772,55.66666666666666
Charles Hudon,10,2,0.2,0,0.0,0.2772,55.66666666666666
Barclay Goodrow,20,2,0.1,0,0.0,0.2772,55.66666666666666
Tom Gilbert,103,2,0.019417475728155338,0,0.0,0.2772,55.66666666666666
Alex Killorn,55,2,0.03636363636363636,0,0.0,0.2772,55.66666666666666
Andrew Brunette,69,2,0.028985507246376812,0,0.0,0.2772,55.66666666666666
Alex Pietrangelo,86,2,0.023255813953488372,0,0.0,0.2772,55.66666666666666
Thomas Chabot,12,2,0.16666666666666666,0,0.0,0.2772,55.66666666666666
Chris Bourque,8,2,0.25,0,0.0,0.2772,55.66666666666666
Taylor Beck,10,2,0.2,0,0.0,0.2772,55.66666666666666
Martin Frk,12,2,0.16666666666666666,0,0.0,0.2772,55.66666666666666
Jared Spurgeon,66,2,0.030303030303030304,0,0.0,0.2772,55.66666666666666
Miro Heiskanen,8,2,0.25,0,0.0,0.2772,55.66666666666666
Erik Condra,52,2,0.038461538461538464,0,0.0,0.2772,55.66666666666666
Evgenii Dadonov,31,2,0.06451612903225806,0,0.0,0.2772,55.66666666666666
Filip Chytil,13,2,0.15384615384615385,0,0.0,0.2772,55.66666666666666
Pavel Kubina,63,2,0.031746031746031744,0,0.0,0.2772,55.66666666666666
Patrick Wiercioch,43,2,0.046511627906976744,0,0.0,0.2772,55.66666666666666
Patrick Kaleta,55,2,0.03636363636363636,0,0.0,0.2772,55.66666666666666
Pat Maroon,49,2,0.04081632653061224,0,0.0,0.2772,55.66666666666666
Jake Gardiner,70,2,0.02857142857142857,0,0.0,0.2772,55.66666666666666
Oscar Moller,14,2,0.14285714285714285,0,0.0,0.2772,55.66666666666666
Jason Akeson,3,2,0.6666666666666666,0,0.0,0.2772,55.66666666666666
Jay Beagle,62,2,0.03225806451612903,0,0.0,0.2772,55.66666666666666
Nic Dowd,19,2,0.10526315789473684,0,0.0,0.2772,55.66666666666666
John Quenneville,4,2,0.5,0,0.0,0.2772,55.66666666666666
Morgan Rielly,57,2,0.03508771929824561,0,0.0,0.2772,55.66666666666666
Justin Schultz,49,2,0.04081632653061224,0,0.0,0.2772,55.66666666666666
Radek Bonk,33,2,0.06060606060606061,0,0.0,0.2772,55.66666666666666
Micheal Ferland,23,2,0.08695652173913043,0,0.0,0.2772,55.66666666666666
Kevin Stenlund,3,2,0.6666666666666666,0,0.0,0.2772,55.66666666666666
Michael Amadio,8,2,0.25,0,0.0,0.2772,55.66666666666666
Kris Russell,94,2,0.02127659574468085,0,0.0,0.2772,55.66666666666666
Krystofer Kolanos,6,2,0.3333333333333333,0,0.0,0.2772,55.66666666666666
Louis Leblanc,12,2,0.16666666666666666,0,0.0,0.2772,55.66666666666666
Matt Stajan,103,2,0.019417475728155338,0,0.0,0.2772,55.66666666666666
Luke Kunin,9,2,0.2222222222222222,0,0.0,0.2772,55.66666666666666
Matt Martin,91,2,0.02197802197802198,0,0.0,0.2772,55.66666666666666
Matt Halischuk,32,2,0.0625,0,0.0,0.2772,55.66666666666666
Matt Bradley,68,2,0.029411764705882353,0,0.0,0.2772,55.66666666666666
Matt Beleskey,61,2,0.03278688524590164,0,0.0,0.2772,55.66666666666666
Mark Arcobello,11,2,0.18181818181818182,0,0.0,0.2772,55.66666666666666
Mark Jankowski,16,2,0.125,0,0.0,0.2772,55.66666666666666
Quinn Hughes,10,2,0.2,0,0.0,0.2772,55.66666666666666
Aaron Ekblad,60,2,0.03333333333333333,0,0.0,0.2772,55.66666666666666
Scott Laughton,31,2,0.06451612903225806,0,0.0,0.2772,55.66666666666666
Ryan Garbutt,26,2,0.07692307692307693,0,0.0,0.2772,55.66666666666666
Robert Thomas,11,2,0.18181818181818182,0,0.0,0.2772,55.66666666666666
Roope Hintz,8,2,0.25,0,0.0,0.2772,55.66666666666666
Samuel Pahlsson,79,2,0.02531645569620253,0,0.0,0.2772,55.66666666666666
Drake Batherson,3,2,0.6666666666666666,0,0.0,0.2772,55.66666666666666
Dan Sexton,11,2,0.18181818181818182,0,0.0,0.2772,55.66666666666666
Michal Rozsival,106,6,0.05660377358490566,1,0.16666666666666666,0.2766,55.49999999999999
Trevor Lewis,73,6,0.0821917808219178,1,0.16666666666666666,0.2766,55.49999999999999
Marty Reasoner,73,6,0.0821917808219178,1,0.16666666666666666,0.2766,55.49999999999999
Sergei Kostitsyn,52,6,0.11538461538461539,1,0.16666666666666666,0.2766,55.49999999999999
Michael Raffl,60,6,0.1,1,0.16666666666666666,0.2766,55.49999999999999
Carl Soderberg,46,6,0.13043478260869565,1,0.16666666666666666,0.2766,55.49999999999999
Gabriel Bourque,45,6,0.13333333333333333,1,0.16666666666666666,0.2766,55.49999999999999
Shayne Gostisbehere,43,6,0.13953488372093023,1,0.16666666666666666,0.2766,55.49999999999999
Jimmy Hayes,48,6,0.125,1,0.16666666666666666,0.2766,55.49999999999999
Drew Doughty,114,10,0.08771929824561403,2,0.2,0.276,55.33333333333333
Cal Clutterbuck,109,10,0.09174311926605505,2,0.2,0.276,55.33333333333333
Nino Niederreiter,55,10,0.18181818181818182,2,0.2,0.276,55.33333333333333
Ryan Dzingel,29,3,0.10344827586206896,0,0.0,0.27580000000000005,55.277777777777786
Jiri Tlusty,44,3,0.06818181818181818,0,0.0,0.27580000000000005,55.277777777777786
Sam Steel,8,3,0.375,0,0.0,0.27580000000000005,55.277777777777786
Kurtis Foster,60,3,0.05,0,0.0,0.27580000000000005,55.277777777777786
Matt Fraser,13,3,0.23076923076923078,0,0.0,0.27580000000000005,55.277777777777786
Anton Stralman,94,3,0.031914893617021274,0,0.0,0.27580000000000005,55.277777777777786
Sonny Milano,7,3,0.42857142857142855,0,0.0,0.27580000000000005,55.277777777777786
Milan Lucic,115,3,0.02608695652173913,0,0.0,0.27580000000000005,55.277777777777786
Tyler Bertuzzi,17,3,0.17647058823529413,0,0.0,0.27580000000000005,55.277777777777786
Jannik Hansen,81,3,0.037037037037037035,0,0.0,0.27580000000000005,55.277777777777786
Kasperi Kapanen,12,3,0.25,0,0.0,0.27580000000000005,55.277777777777786
Vladimir Sobotka,74,3,0.04054054054054054,0,0.0,0.27580000000000005,55.277777777777786
Cory Conacher,21,3,0.14285714285714285,0,0.0,0.27580000000000005,55.277777777777786
Kevin Bieksa,99,3,0.030303030303030304,0,0.0,0.27580000000000005,55.277777777777786
Mattias Tedenby,16,3,0.1875,0,0.0,0.27580000000000005,55.277777777777786
Alex Iafallo,14,3,0.21428571428571427,0,0.0,0.27580000000000005,55.277777777777786
Shawn Matthias,71,3,0.04225352112676056,0,0.0,0.27580000000000005,55.277777777777786
Tobias Rieder,34,3,0.08823529411764706,0,0.0,0.27580000000000005,55.277777777777786
T.J. Brodie,59,3,0.05084745762711865,0,0.0,0.27580000000000005,55.277777777777786
Marcus Kruger,70,3,0.04285714285714286,0,0.0,0.27580000000000005,55.277777777777786
Zack Smith,81,3,0.037037037037037035,0,0.0,0.27580000000000005,55.277777777777786
Erik Johnson,76,3,0.039473684210526314,0,0.0,0.27580000000000005,55.277777777777786
James Sheppard,56,3,0.05357142857142857,0,0.0,0.27580000000000005,55.277777777777786
Jaden Schwartz,52,3,0.057692307692307696,0,0.0,0.27580000000000005,55.277777777777786
Dmitry Orlov,48,3,0.0625,0,0.0,0.27580000000000005,55.277777777777786
Ryan Malone,80,14,0.175,3,0.21428571428571427,0.27540000000000003,55.16666666666667
David Booth,79,14,0.17721518987341772,3,0.21428571428571427,0.27540000000000003,55.16666666666667
Colin Wilson,71,7,0.09859154929577464,1,0.14285714285714285,0.2752,55.1111111111111
Zack Kassian,59,7,0.11864406779661017,1,0.14285714285714285,0.2752,55.1111111111111
Mikael Granlund,47,7,0.14893617021276595,1,0.14285714285714285,0.2752,55.1111111111111
Guillaume Latendresse,54,7,0.12962962962962962,1,0.14285714285714285,0.2752,55.1111111111111
Boyd Gordon,70,7,0.1,1,0.14285714285714285,0.2752,55.1111111111111
Johan Franzen,82,11,0.13414634146341464,2,0.18181818181818182,0.2746,54.94444444444444
Tomas Jurco,27,4,0.14814814814814814,0,0.0,0.27440000000000003,54.88888888888889
Anders Lee,55,4,0.07272727272727272,0,0.0,0.27440000000000003,54.88888888888889
Andrew Cogliano,134,4,0.029850746268656716,0,0.0,0.27440000000000003,54.88888888888889
Viktor Arvidsson,32,4,0.125,0,0.0,0.27440000000000003,54.88888888888889
Sam Bennett,27,4,0.14814814814814814,0,0.0,0.27440000000000003,54.88888888888889
Max Domi,23,4,0.17391304347826086,0,0.0,0.27440000000000003,54.88888888888889
P.K. Subban,88,4,0.045454545454545456,0,0.0,0.27440000000000003,54.88888888888889
Anton Lander,27,4,0.14814814814814814,0,0.0,0.27440000000000003,54.88888888888889
Tyler Johnson,53,4,0.07547169811320754,0,0.0,0.27440000000000003,54.88888888888889
Tyler Kennedy,76,4,0.05263157894736842,0,0.0,0.27440000000000003,54.88888888888889
R.J. Umberger,104,4,0.038461538461538464,0,0.0,0.27440000000000003,54.88888888888889
Steve Downie,46,4,0.08695652173913043,0,0.0,0.27440000000000003,54.88888888888889
Nikolaj Ehlers,23,4,0.17391304347826086,0,0.0,0.27440000000000003,54.88888888888889
Niclas Bergfors,21,4,0.19047619047619047,0,0.0,0.27440000000000003,54.88888888888889
Patrik Berglund,86,15,0.1744186046511628,3,0.2,0.2740000000000001,54.77777777777779
Richard Panik,45,8,0.17777777777777778,1,0.125,0.27380000000000004,54.72222222222223
Ondrej Palat,45,8,0.17777777777777778,1,0.125,0.27380000000000004,54.72222222222223
Jason Chimera,121,12,0.09917355371900827,2,0.16666666666666666,0.2732,54.55555555555555
John Klingberg,27,5,0.18518518518518517,0,0.0,0.273,54.5
Marcus Johansson,74,5,0.06756756756756757,0,0.0,0.273,54.5
Magnus Paajarvi,48,5,0.10416666666666667,0,0.0,0.273,54.5
Marcus Foligno,66,5,0.07575757575757576,0,0.0,0.273,54.5
Brandon Saad,67,9,0.13432835820895522,1,0.1111111111111111,0.27240000000000003,54.333333333333336
Scottie Upshall,86,9,0.10465116279069768,1,0.1111111111111111,0.27240000000000003,54.333333333333336
Mark Streit,103,6,0.05825242718446602,0,0.0,0.2716,54.11111111111111
Mark Parrish,46,6,0.13043478260869565,0,0.0,0.2716,54.11111111111111
Patric Hornqvist,81,6,0.07407407407407407,0,0.0,0.2716,54.11111111111111
Sean Bergenheim,74,10,0.13513513513513514,1,0.1,0.271,53.94444444444444
Erik Cole,78,10,0.1282051282051282,1,0.1,0.271,53.94444444444444
Eric Belanger,64,10,0.15625,1,0.1,0.271,53.94444444444444
Mikael Backlund,69,7,0.10144927536231885,0,0.0,0.2702,53.722222222222214
Henrik Sedin,124,7,0.056451612903225805,0,0.0,0.2702,53.722222222222214
Dion Phaneuf,121,7,0.05785123966942149,0,0.0,0.2702,53.722222222222214
David Jones,53,7,0.1320754716981132,0,0.0,0.2702,53.722222222222214
Matt Calvert,57,11,0.19298245614035087,1,0.09090909090909091,0.2696,53.55555555555555
Michael Frolik,118,15,0.1271186440677966,2,0.13333333333333333,0.2690000000000001,53.3888888888889
Derick Brassard,98,15,0.15306122448979592,2,0.13333333333333333,0.2690000000000001,53.3888888888889
Dan Cleary,85,8,0.09411764705882353,0,0.0,0.26880000000000004,53.333333333333336
Dustin Byfuglien,102,8,0.0784313725490196,0,0.0,0.26880000000000004,53.333333333333336
Mike Green,102,8,0.0784313725490196,0,0.0,0.26880000000000004,53.333333333333336
Tomas Hertl,41,12,0.2926829268292683,1,0.08333333333333333,0.2682,53.16666666666666
Dustin Penner,98,12,0.12244897959183673,1,0.08333333333333333,0.2682,53.16666666666666
Tomas Fleischmann,91,16,0.17582417582417584,2,0.125,0.26760000000000006,53.00000000000001
Chuck Kobasew,61,9,0.14754098360655737,0,0.0,0.2674,52.94444444444444
Paul Stastny,103,9,0.08737864077669903,0,0.0,0.2674,52.94444444444444
Taylor Pyatt,70,13,0.18571428571428572,1,0.07692307692307693,0.26680000000000004,52.77777777777778
Tyler Toffoli,43,13,0.3023255813953488,1,0.07692307692307693,0.26680000000000004,52.77777777777778
Nick Foligno,94,11,0.11702127659574468,0,0.0,0.2646,52.16666666666666
Evander Kane,61,22,0.36065573770491804,3,0.13636363636363635,0.26420000000000005,52.05555555555556
Daniel Sedin,121,31,0.256198347107438,5,0.16129032258064516,0.2616,51.33333333333333
Dany Heatley,102,35,0.3431372549019608,6,0.17142857142857143,0.261,51.166666666666664
Clarke MacArthur,83,14,0.1686746987951807,0,0.0,0.2604,51.0
Jeff Skinner,65,36,0.5538461538461539,6,0.16666666666666666,0.2596,50.77777777777777
Tomas Plekanec,125,30,0.24,4,0.13333333333333333,0.258,50.33333333333333
Michael Ryder,103,38,0.36893203883495146,6,0.15789473684210525,0.25680000000000003,50.0
